{"cameraMode":{"drawMode":3,"name":"Shadow Cascades","section":"Miscellaneous"},"sceneLighting":true,"audioPlay":false,"sceneViewState":{"showFog":true,"showMaterialUpdate":true,"showSkybox":true,"showFlares":true,"showImageEffects":true,"showParticleSystems":true},"in2DMode":false,"pivot":{"x":247.29225158691407,"y":406.31829833984377,"z":27.048738479614259},"rotation":{"x":-0.20967921614646913,"y":0.6677189469337463,"z":-0.20458315312862397,"w":-0.6843522191047669},"size":30.746538162231447,"orthographic":false}